model,accuracy,precision_spam,recall_spam,f1_spam,macro_f1
BiLSTM (Embedding),0.9829596412556054,0.9513888888888888,0.9194630872483222,0.9351535836177475,0.9626723003272011
