model,accuracy,precision_spam,recall_spam,f1_spam,macro_f1
BiLSTM (Embedding),0.9829596412556054,0.9642857142857143,0.9060402684563759,0.9342560553633218,0.9622336433436908
