model,accuracy,precision_spam,recall_spam,f1_spam,macro_f1
DistilBERT (fine-tuned),0.9919282511210762,0.9794520547945206,0.959731543624161,0.9694915254237289,0.9824201813165157
